{
  "version": "1.1.0",
  "release_date": "2025-08-10",
  "build_number": "002",
  "features": [
    "Energy adjustment calculations",
    "Excel file processing",
    "PDF report generation",
    "TOD categorization",
    "T&D loss calculations",
    "Auto-update system"
  ],
  "changelog": {
    "1.0.0": [
      "Initial release with complete energy adjustment calculator",
      "Support for I.E.X and C.P.P generation sources",
      "Advanced PDF reporting with multiple output options",
      "Integrated auto-update system",
      "Windows offline application support"
    ]
  }
}